date,awayTeam,homeTeam,awayGoalie,homeGoalie,projAway,projHome,pick,pickWinProb,pickML,awayScore,homeScore,endedIn,pickResult,valueBet,valueEdgePct,valueML,valueResult,valueUnits,valueBeatClose,total,totalLean,totalResult,puckLineLean,puckLineResult
2026-09-30,PIT,PHI,Arturs Silovs,Dan Vladar,2.99,2.94,PIT,52.0,124.0,7.0,0.0,REG,Win,PIT,9.2,124.0,Win,1.2400000000000002,No,6.5,Under,Loss,PIT +1.5,Win
2026-09-30,NYI,TOR,Ilya Sorokin,Anthony Stolarz,3.32,2.75,NYI,61.0,120.0,1.0,2.0,REG,Loss,NYI,17.4,120.0,Loss,-1.0,No,5.5,Over,Loss,NYI +1.5,Win
2026-09-30,LAK,COL,Darcy Kuemper,Scott Wedgewood,2.45,3.39,COL,65.7,-205.0,4.0,8.0,REG,Win,,,,,,,6.5,Under,Loss,COL -1.5,Win
2026-10-01,PHI,NJD,Joseph Woll,Jake Allen,2.49,3.18,NJD,61.7,-170.0,2.0,3.0,OT,Win,,,,,,,5.5,Under,Win,NJD -1.5,Loss
2026-10-01,TBL,NYR,Andrei Vasilevskiy,Igor Shesterkin,2.98,2.72,TBL,56.0,-148.0,1.0,5.0,REG,Loss,,,,,,,5.5,Under,Loss,NYR +1.5,Win
2026-10-01,BUF,CBJ,Ukko-Pekka Luukkonen,Jet Greaves,2.89,3.09,CBJ,52.6,-108.0,3.0,6.0,REG,Win,,,,,,,6.5,Under,Loss,BUF +1.5,Loss
2026-10-01,MIN,NSH,Jesper Wallstedt,Juuse Saros,3.13,2.97,MIN,53.8,-148.0,3.0,1.0,REG,Win,,,,,,,6.5,Under,Win,NSH +1.5,Loss
2026-10-01,SEA,CGY,Joey Daccord,Dustin Wolf,2.93,3.06,CGY,51.4,-112.0,,,,,,,,,,,5.5,Under,,CGY -1.5,
2026-10-01,CHI,UTA,Spencer Knight,Karel Vejmelka,2.52,3.82,UTA,71.1,-218.0,,,,,,,,,,,6.5,Over,,UTA -1.5,
2026-10-01,EDM,VAN,Tristan Jarry,Kevin Lankinen,3.76,2.89,EDM,65.6,-218.0,,,,,,,,,,,6.5,Under,,VAN +1.5,
2026-10-01,FLA,SJS,Jacob Markstrom,Yaroslav Askarov,3.14,3.12,FLA,51.2,-148.0,,,,,SJS,6.0,124.0,,,,6.5,Under,,SJS +1.5,
2026-10-02,NYR,DET,Joonas Korpisalo,John Gibson,2.82,3.32,DET,58.2,-130.0,,,,,,,,,,,5.5,Under,,DET -1.5,
2026-10-02,WSH,CAR,Logan Thompson,Brandon Bussi,2.64,3.29,CAR,60.8,-148.0,,,,,,,,,,,6.5,Under,,CAR -1.5,
2026-10-02,BOS,WPG,Jeremy Swayman,Connor Hellebuyck,3.02,2.9,BOS,52.2,102.0,,,,,,,,,,,5.5,Under,,BOS +1.5,
2026-10-02,STL,DAL,Joel Hofer,Jake Oettinger,2.77,3.07,DAL,54.9,-185.0,,,,,STL,7.3,154.0,,,,5.5,Under,,STL +1.5,
2026-10-02,ANA,VGK,Lukas Dostal,Carter Hart,2.84,3.5,VGK,60.6,-192.0,,,,,,,,,,,6.5,Under,,ANA +1.5,
2026-10-03,CHI,BUF,Spencer Knight,Ukko-Pekka Luukkonen,2.58,3.88,BUF,70.5,-218.0,,,,,,,,,,,6.5,Over,,BUF -1.5,
2026-10-03,OTT,TOR,Linus Ullmark,Anthony Stolarz,3.35,2.75,OTT,60.4,,,,,,,,,,,,,,,TOR +1.5,
2026-10-03,WSH,TBL,Logan Thompson,Andrei Vasilevskiy,2.61,3.26,TBL,60.9,-148.0,,,,,,,,,,,6.5,Under,,TBL -1.5,
2026-10-03,CAR,PHI,Pyotr Kochetkov,Dan Vladar,2.92,2.69,CAR,54.4,,,,,,,,,,,,,,,PHI +1.5,
2026-10-03,MTL,PIT,Jakub Dobes,Arturs Silovs,2.86,3.46,PIT,59.6,-110.0,,,,,PIT,9.6,-110.0,,,,6.5,Over,,MTL +1.5,
2026-10-03,UTA,CBJ,Karel Vejmelka,Jet Greaves,2.91,3.19,CBJ,54.7,,,,,,,,,,,,,,,UTA +1.5,
2026-10-03,SEA,EDM,Joey Daccord,Tristan Jarry,2.87,3.71,EDM,63.4,,,,,,,,,,,,,,,SEA +1.5,
2026-10-03,NJD,NYI,Jake Allen,Ilya Sorokin,3.01,2.96,NJD,51.1,-102.0,,,,,,,,,,,5.5,Under,,NJD +1.5,
2026-10-03,DAL,NSH,Casey DeSmith,Juuse Saros,3.08,2.95,DAL,52.5,,,,,,,,,,,,,,,NSH +1.5,
2026-10-03,BOS,MIN,Michael DiPietro,Jesper Wallstedt,2.66,3.47,MIN,63.2,-180.0,,,,,,,,,,,5.5,Under,,MIN -1.5,
2026-10-03,STL,COL,Jordan Binnington,Scott Wedgewood,2.43,3.76,COL,71.3,,,,,,,,,,,,,,,STL +1.5,
2026-10-03,CGY,VAN,Dustin Wolf,Kevin Lankinen,3.33,3.0,CGY,55.8,,,,,,,,,,,,,,,VAN +1.5,
2026-10-03,LAK,SJS,Darcy Kuemper,Yaroslav Askarov,3.18,3.05,LAK,52.4,,,,,,,,,,,,,,,SJS +1.5,
