logged_at,date,game_id,start_utc,away,home,away_goalie,home_goalie,goalie_status,proj_away,proj_home,p_home_win,fair_home_ml,fair_away_ml,home_ml,away_ml,open_home_ml,open_away_ml,p_mkt_home,pick,pick_prob,pick_ml,value_side,value_edge,value_ml,total_line,proj_total,p_over,total_lean,pl_home_line,p_home_pl,pl_lean,away_score,home_score,last_period,pick_result,value_result,value_units,total_result,pl_result,close_home_ml,close_away_ml,value_clv
2026-09-30T23:20:14+00:00,2026-09-30,2026020006,2026-09-30T23:30:00Z,PIT,PHI,Arturs Silovs,Dan Vladar,projected,2.99,2.94,0.4804,108.0,-108.0,-148.0,124.0,-142.0,120.0,0.5720596355604638,PIT,0.5196,124.0,PIT,0.0916696805710356,124.0,6.5,5.93,0.3816893207689154,Under,-1.5,0.2568,PIT +1.5,7.0,0.0,REG,Win,Win,1.2400000000000002,Loss,Win,-148.0,124.0,0.0
2026-09-30T23:20:14+00:00,2026-09-30,2026020008,2026-09-30T23:30:00Z,NYI,TOR,Ilya Sorokin,Anthony Stolarz,projected,3.32,2.75,0.3899,156.0,-156.0,-142.0,120.0,-110.0,-110.0,0.5634920634920635,NYI,0.6101,120.0,NYI,0.1735650466367675,120.0,5.5,6.07,0.5662186896442645,Over,-1.5,0.1957,NYI +1.5,1.0,2.0,REG,Loss,Loss,-1.0,Loss,Win,-142.0,120.0,0.0
2026-09-30T23:39:54+00:00,2026-09-30,2026020007,2026-10-01T02:00:00Z,LAK,COL,Darcy Kuemper,Scott Wedgewood,projected,2.45,3.39,0.6574,-192.0,192.0,-205.0,170.0,-185.0,154.0,0.644729178800233,COL,0.6574,-205.0,,,,6.5,5.84,0.4132381228656843,Under,-1.5,0.4176,COL -1.5,4.0,8.0,REG,Win,,,Loss,Win,-205.0,170.0,
2026-10-01T18:08:45+00:00,2026-10-01,2026020009,2026-10-01T23:00:00Z,PHI,NJD,Joseph Woll,Jake Allen,projected,2.49,3.18,0.6168,-161.0,161.0,-170.0,142.0,-155.0,130.0,0.6037569709421778,NJD,0.6168,-170.0,,,,5.5,5.67,0.494162162020703,Under,-1.5,0.3851,NJD -1.5,2.0,3.0,OT,Win,,,Win,Loss,-180.0,150.0,
2026-10-01T18:08:45+00:00,2026-10-01,2026020010,2026-10-01T23:00:00Z,TBL,NYR,Andrei Vasilevskiy,Igor Shesterkin,projected,2.98,2.72,0.4405,127.0,-127.0,124.0,-148.0,120.0,-142.0,0.4279403644395361,TBL,0.5595,-148.0,,,,5.5,5.7,0.4975485021223308,Under,1.5,0.6697,NYR +1.5,1.0,5.0,REG,Loss,,,Loss,Win,124.0,-148.0,
2026-10-01T18:08:45+00:00,2026-10-01,2026020011,2026-10-01T23:00:00Z,BUF,CBJ,Ukko-Pekka Luukkonen,Jet Greaves,projected,2.89,3.09,0.5261,-111.0,111.0,-108.0,-112.0,-115.0,-105.0,0.4956702459300312,CBJ,0.5261,-108.0,,,,6.5,5.98,0.4322512850256872,Under,-1.5,0.3253,BUF +1.5,3.0,6.0,REG,Win,,,Loss,Loss,-102.0,-118.0,
2026-10-01T18:08:45+00:00,2026-10-01,2026020012,2026-10-02T00:00:00Z,MIN,NSH,Jesper Wallstedt,Juuse Saros,projected,3.13,2.97,0.4623,116.0,-116.0,124.0,-148.0,124.0,-148.0,0.4279403644395361,MIN,0.5377,-148.0,,,,6.5,6.09,0.4433585707530065,Under,1.5,0.6785,NSH +1.5,3.0,1.0,REG,Win,,,Win,Loss,124.0,-148.0,
2026-10-01T18:08:45+00:00,2026-10-01,2026020014,2026-10-02T01:00:00Z,SEA,CGY,Joey Daccord,Dustin Wolf,projected,2.93,3.06,0.5142,-106.0,106.0,-112.0,-108.0,-115.0,-105.0,0.5043297540699689,CGY,0.5142,-112.0,,,,5.5,5.99,0.5270939056097875,Under,-1.5,0.3172,CGY -1.5,,,,,,,,,,,
2026-10-01T18:08:45+00:00,2026-10-01,2026020013,2026-10-02T01:30:00Z,CHI,UTA,Spencer Knight,Karel Vejmelka,projected,2.52,3.82,0.7114,-247.0,247.0,-218.0,180.0,-198.0,164.0,0.6574752261956053,UTA,0.7114,-218.0,,,,6.5,6.34,0.4678616162763075,Over,-1.5,0.4752,UTA -1.5,,,,,,,,,,,
2026-10-01T18:08:45+00:00,2026-10-01,2026020015,2026-10-02T02:00:00Z,EDM,VAN,Tristan Jarry,Kevin Lankinen,projected,3.76,2.89,0.3441,191.0,-191.0,180.0,-218.0,164.0,-198.0,0.3425247738043946,EDM,0.6559,-218.0,,,,6.5,6.65,0.4974459555799457,Under,1.5,0.5814,VAN +1.5,,,,,,,,,,,
2026-10-01T18:08:45+00:00,2026-10-01,2026020016,2026-10-02T02:00:00Z,FLA,SJS,Jacob Markstrom,Yaroslav Askarov,projected,3.14,3.12,0.4881,105.0,-105.0,124.0,-148.0,120.0,-142.0,0.4279403644395361,FLA,0.5119,-148.0,SJS,0.0601320904443476,124.0,6.5,6.26,0.4598323651050008,Under,1.5,0.6937,SJS +1.5,,,,,,,,,,,
2026-10-02T03:00:14+00:00,2026-10-02,2026020017,2026-10-02T22:30:00Z,NYR,DET,Joonas Korpisalo,John Gibson,projected,2.82,3.32,0.5817,-139.0,139.0,-130.0,110.0,-142.0,120.0,0.5427435387673957,DET,0.5817,-130.0,,,,5.5,6.14,0.5382244905128707,Under,-1.5,0.3677,DET -1.5,,,,,,,,,,,
2026-10-02T03:00:14+00:00,2026-10-02,2026020018,2026-10-02T23:00:00Z,WSH,CAR,Logan Thompson,Brandon Bussi,projected,2.64,3.29,0.6082,-155.0,155.0,-148.0,124.0,-142.0,120.0,0.5720596355604638,CAR,0.6082,-148.0,,,,6.5,5.94,0.42543226498336556,Under,-1.5,0.3856,CAR -1.5,,,,,,,,,,,
2026-10-02T03:00:14+00:00,2026-10-02,2026020019,2026-10-03T00:00:00Z,BOS,WPG,Jeremy Swayman,Connor Hellebuyck,projected,3.02,2.9,0.4781,109.0,-109.0,-122.0,102.0,-120.0,100.0,0.5260865852617197,BOS,0.5219,102.0,,,,5.5,5.92,0.5167402992512897,Under,-1.5,0.2867,BOS +1.5,,,,,,,,,,,
2026-10-02T03:00:14+00:00,2026-10-02,2026020020,2026-10-03T01:00:00Z,STL,DAL,Joel Hofer,Jake Oettinger,projected,2.77,3.07,0.5491,-122.0,122.0,-185.0,154.0,-205.0,170.0,0.6224665518611737,DAL,0.5491,-185.0,STL,0.07340395652990972,154.0,5.5,5.84,0.5089753491970659,Under,-1.5,0.3374,STL +1.5,,,,,,,,,,,
2026-10-02T03:00:14+00:00,2026-10-02,2026020021,2026-10-03T02:00:00Z,ANA,VGK,Lukas Dostal,Carter Hart,projected,2.84,3.5,0.6063,-154.0,154.0,-192.0,160.0,-155.0,130.0,0.6309403437815976,VGK,0.6063,-192.0,,,,6.5,6.34,0.4649898097512021,Under,-1.5,0.3909,ANA +1.5,,,,,,,,,,,
2026-10-02T03:00:14+00:00,2026-10-03,2026020022,2026-10-03T23:00:00Z,CHI,BUF,Spencer Knight,Ukko-Pekka Luukkonen,projected,2.58,3.88,0.7052,-239.0,239.0,-218.0,180.0,-218.0,180.0,0.6574752261956053,BUF,0.7052,-218.0,,,,6.5,6.47,0.47764494800959056,Over,-1.5,0.4806,BUF -1.5,,,,,,,,,,,
2026-10-02T03:00:14+00:00,2026-10-03,2026020023,2026-10-03T23:00:00Z,OTT,TOR,Linus Ullmark,Anthony Stolarz,projected,3.35,2.75,0.3964,152.0,-152.0,,,,,,OTT,0.6036,,,,,,6.1,,,1.5,0.6192,TOR +1.5,,,,,,,,,,,
2026-10-02T03:00:14+00:00,2026-10-03,2026020024,2026-10-03T23:00:00Z,WSH,TBL,Logan Thompson,Andrei Vasilevskiy,projected,2.61,3.26,0.609,-156.0,156.0,-148.0,124.0,-142.0,120.0,0.5720596355604638,TBL,0.609,-148.0,,,,6.5,5.87,0.41880513982971196,Under,-1.5,0.385,TBL -1.5,,,,,,,,,,,
2026-10-02T03:00:14+00:00,2026-10-03,2026020025,2026-10-03T23:00:00Z,CAR,PHI,Pyotr Kochetkov,Dan Vladar,projected,2.92,2.69,0.456,119.0,-119.0,,,,,,CAR,0.544,,,,,,5.62,,,1.5,0.6742,PHI +1.5,,,,,,,,,,,
2026-10-02T03:00:14+00:00,2026-10-03,2026020026,2026-10-03T23:00:00Z,MTL,PIT,Jakub Dobes,Arturs Silovs,projected,2.86,3.46,0.5962,-148.0,148.0,-110.0,-110.0,-110.0,-110.0,0.5,PIT,0.5962,-110.0,PIT,0.09617138733193475,-110.0,6.5,6.32,0.4635566633555233,Over,-1.5,0.3824,MTL +1.5,,,,,,,,,,,
2026-10-02T03:00:14+00:00,2026-10-03,2026020027,2026-10-03T23:00:00Z,UTA,CBJ,Karel Vejmelka,Jet Greaves,projected,2.91,3.19,0.5466,-121.0,121.0,,,,,,CBJ,0.5466,,,,,,6.1,,,-1.5,0.3398,UTA +1.5,,,,,,,,,,,
2026-10-02T03:00:14+00:00,2026-10-03,2026020028,2026-10-03T23:00:00Z,SEA,EDM,Joey Daccord,Tristan Jarry,projected,2.87,3.71,0.6338,-173.0,173.0,,,,,,EDM,0.6338,,,,,,6.58,,,-1.5,0.418,SEA +1.5,,,,,,,,,,,
2026-10-02T03:00:14+00:00,2026-10-03,2026020029,2026-10-03T23:30:00Z,NJD,NYI,Jake Allen,Ilya Sorokin,projected,3.01,2.96,0.4894,104.0,-104.0,-118.0,-102.0,-115.0,-105.0,0.5173641257162701,NJD,0.5106,-102.0,,,,5.5,5.96,0.5212285295218065,Under,-1.5,0.2955,NJD +1.5,,,,,,,,,,,
2026-10-02T03:00:14+00:00,2026-10-03,2026020030,2026-10-04T00:00:00Z,DAL,NSH,Casey DeSmith,Juuse Saros,projected,3.08,2.95,0.4753,110.0,-110.0,,,,,,DAL,0.5247,,,,,,6.03,,,1.5,0.6817,NSH +1.5,,,,,,,,,,,
2026-10-02T03:00:14+00:00,2026-10-03,2026020031,2026-10-04T00:00:00Z,BOS,MIN,Michael DiPietro,Jesper Wallstedt,projected,2.66,3.47,0.6324,-172.0,172.0,-180.0,150.0,-180.0,150.0,0.6164383561643836,MIN,0.6324,-180.0,,,,5.5,6.13,0.5378051930801954,Under,-1.5,0.4093,MIN -1.5,,,,,,,,,,,
2026-10-02T03:00:14+00:00,2026-10-03,2026020032,2026-10-04T01:00:00Z,STL,COL,Jordan Binnington,Scott Wedgewood,projected,2.43,3.76,0.7133,-249.0,249.0,,,,,,COL,0.7133,,,,,,6.2,,,-1.5,0.4833,STL +1.5,,,,,,,,,,,
2026-10-02T03:00:14+00:00,2026-10-03,2026020033,2026-10-04T02:00:00Z,CGY,VAN,Dustin Wolf,Kevin Lankinen,projected,3.33,3.0,0.4419,126.0,-126.0,,,,,,CGY,0.5581,,,,,,6.33,,,1.5,0.6517,VAN +1.5,,,,,,,,,,,
2026-10-02T03:00:14+00:00,2026-10-03,2026020034,2026-10-04T02:00:00Z,LAK,SJS,Darcy Kuemper,Yaroslav Askarov,projected,3.18,3.05,0.4759,110.0,-110.0,,,,,,LAK,0.5241,,,,,,6.23,,,1.5,0.679,SJS +1.5,,,,,,,,,,,
