snapshot_at,date,game_id,start_utc,away,home,away_goalie,home_goalie,goalie_status,home_ml,away_ml,open_home_ml,open_away_ml,total_line,over_odds,under_odds,pl_home_line,home_pl_odds,away_pl_odds,p_home_win,proj_away,proj_home
2026-10-02T03:00:14+00:00,2026-10-02,2026020017,2026-10-02T22:30:00Z,NYR,DET,Joonas Korpisalo,John Gibson,projected,-130.0,110.0,-142.0,120.0,5.5,-135.0,114.0,-1.5,190.0,-230.0,0.5817,2.82,3.32
2026-10-02T03:00:14+00:00,2026-10-02,2026020018,2026-10-02T23:00:00Z,WSH,CAR,Logan Thompson,Brandon Bussi,projected,-148.0,124.0,-142.0,120.0,6.5,110.0,-130.0,-1.5,170.0,-205.0,0.6082,2.64,3.29
2026-10-02T03:00:14+00:00,2026-10-02,2026020019,2026-10-03T00:00:00Z,BOS,WPG,Jeremy Swayman,Connor Hellebuyck,projected,-122.0,102.0,-120.0,100.0,5.5,-125.0,105.0,-1.5,205.0,-250.0,0.4781,3.02,2.9
2026-10-02T03:00:14+00:00,2026-10-02,2026020020,2026-10-03T01:00:00Z,STL,DAL,Joel Hofer,Jake Oettinger,projected,-185.0,154.0,-205.0,170.0,5.5,-135.0,114.0,-1.5,136.0,-162.0,0.5491,2.77,3.07
2026-10-02T03:00:14+00:00,2026-10-02,2026020021,2026-10-03T02:00:00Z,ANA,VGK,Lukas Dostal,Carter Hart,projected,-192.0,160.0,-155.0,130.0,6.5,-122.0,102.0,-1.5,130.0,-155.0,0.6063,2.84,3.5
2026-10-02T03:00:14+00:00,2026-10-03,2026020022,2026-10-03T23:00:00Z,CHI,BUF,Spencer Knight,Ukko-Pekka Luukkonen,projected,-218.0,180.0,-218.0,180.0,6.5,105.0,-125.0,-1.5,114.0,-135.0,0.7052,2.58,3.88
2026-10-02T03:00:14+00:00,2026-10-03,2026020023,2026-10-03T23:00:00Z,OTT,TOR,Linus Ullmark,Anthony Stolarz,projected,,,,,,,,1.5,,,0.3964,3.35,2.75
2026-10-02T03:00:14+00:00,2026-10-03,2026020024,2026-10-03T23:00:00Z,WSH,TBL,Logan Thompson,Andrei Vasilevskiy,projected,-148.0,124.0,-142.0,120.0,6.5,114.0,-135.0,-1.5,170.0,-205.0,0.609,2.61,3.26
2026-10-02T03:00:14+00:00,2026-10-03,2026020025,2026-10-03T23:00:00Z,CAR,PHI,Pyotr Kochetkov,Dan Vladar,projected,,,,,,,,1.5,,,0.456,2.92,2.69
2026-10-02T03:00:14+00:00,2026-10-03,2026020026,2026-10-03T23:00:00Z,MTL,PIT,Jakub Dobes,Arturs Silovs,projected,-110.0,-110.0,-110.0,-110.0,6.5,114.0,-135.0,-1.5,-278.0,225.0,0.5962,2.86,3.46
2026-10-02T03:00:14+00:00,2026-10-03,2026020027,2026-10-03T23:00:00Z,UTA,CBJ,Karel Vejmelka,Jet Greaves,projected,,,,,,,,-1.5,,,0.5466,2.91,3.19
2026-10-02T03:00:14+00:00,2026-10-03,2026020028,2026-10-03T23:00:00Z,SEA,EDM,Joey Daccord,Tristan Jarry,projected,,,,,,,,-1.5,,,0.6338,2.87,3.71
2026-10-02T03:00:14+00:00,2026-10-03,2026020029,2026-10-03T23:30:00Z,NJD,NYI,Jake Allen,Ilya Sorokin,projected,-118.0,-102.0,-115.0,-105.0,5.5,-130.0,110.0,-1.5,210.0,-258.0,0.4894,3.01,2.96
2026-10-02T03:00:14+00:00,2026-10-03,2026020030,2026-10-04T00:00:00Z,DAL,NSH,Casey DeSmith,Juuse Saros,projected,,,,,,,,1.5,,,0.4753,3.08,2.95
2026-10-02T03:00:14+00:00,2026-10-03,2026020031,2026-10-04T00:00:00Z,BOS,MIN,Michael DiPietro,Jesper Wallstedt,projected,-180.0,150.0,-180.0,150.0,5.5,-130.0,110.0,-1.5,136.0,-162.0,0.6324,2.66,3.47
2026-10-02T03:00:14+00:00,2026-10-03,2026020032,2026-10-04T01:00:00Z,STL,COL,Jordan Binnington,Scott Wedgewood,projected,,,,,,,,-1.5,,,0.7133,2.43,3.76
2026-10-02T03:00:14+00:00,2026-10-03,2026020033,2026-10-04T02:00:00Z,CGY,VAN,Dustin Wolf,Kevin Lankinen,projected,,,,,,,,1.5,,,0.4419,3.33,3.0
2026-10-02T03:00:14+00:00,2026-10-03,2026020034,2026-10-04T02:00:00Z,LAK,SJS,Darcy Kuemper,Yaroslav Askarov,projected,,,,,,,,1.5,,,0.4759,3.18,3.05
2026-10-02T13:31:49+00:00,2026-10-02,2026020017,2026-10-02T22:30:00Z,NYR,DET,Joonas Korpisalo,John Gibson,projected,-130.0,110.0,-142.0,120.0,5.5,-135.0,114.0,-1.5,190.0,-230.0,0.5818,2.82,3.32
2026-10-02T13:31:49+00:00,2026-10-02,2026020018,2026-10-02T23:00:00Z,WSH,CAR,Logan Thompson,Brandon Bussi,projected,-142.0,120.0,-142.0,120.0,6.5,110.0,-130.0,-1.5,180.0,-218.0,0.6083,2.64,3.29
2026-10-02T13:31:49+00:00,2026-10-02,2026020019,2026-10-03T00:00:00Z,BOS,WPG,Jeremy Swayman,Connor Hellebuyck,projected,-122.0,102.0,-120.0,100.0,5.5,-130.0,110.0,-1.5,205.0,-250.0,0.478,3.02,2.9
2026-10-02T13:31:49+00:00,2026-10-02,2026020020,2026-10-03T01:00:00Z,STL,DAL,Joel Hofer,Jake Oettinger,projected,-185.0,154.0,-205.0,170.0,5.5,-135.0,114.0,-1.5,136.0,-162.0,0.5496,2.77,3.07
2026-10-02T13:31:49+00:00,2026-10-02,2026020021,2026-10-03T02:00:00Z,ANA,VGK,Lukas Dostal,Carter Hart,projected,-192.0,160.0,-155.0,130.0,6.5,-122.0,102.0,-1.5,124.0,-148.0,0.6074,2.84,3.5
2026-10-02T13:31:49+00:00,2026-10-03,2026020022,2026-10-03T23:00:00Z,CHI,BUF,Spencer Knight,Ukko-Pekka Luukkonen,projected,-218.0,180.0,-218.0,180.0,6.5,105.0,-125.0,-1.5,114.0,-135.0,0.7226,2.53,3.95
2026-10-02T13:31:49+00:00,2026-10-03,2026020023,2026-10-03T23:00:00Z,OTT,TOR,Linus Ullmark,Anthony Stolarz,projected,,,,,,,,1.5,,,0.3962,3.35,2.75
2026-10-02T13:31:49+00:00,2026-10-03,2026020024,2026-10-03T23:00:00Z,WSH,TBL,Logan Thompson,Andrei Vasilevskiy,projected,-148.0,124.0,-142.0,120.0,6.5,114.0,-135.0,-1.5,170.0,-205.0,0.6084,2.61,3.25
2026-10-02T13:31:49+00:00,2026-10-03,2026020025,2026-10-03T23:00:00Z,CAR,PHI,Pyotr Kochetkov,Dan Vladar,projected,,,,,,,,1.5,,,0.456,2.92,2.69
2026-10-02T13:31:49+00:00,2026-10-03,2026020026,2026-10-03T23:00:00Z,MTL,PIT,Jakub Dobes,Arturs Silovs,projected,-110.0,-110.0,-110.0,-110.0,6.5,114.0,-135.0,-1.5,-278.0,225.0,0.5962,2.86,3.46
2026-10-02T13:31:49+00:00,2026-10-03,2026020027,2026-10-03T23:00:00Z,UTA,CBJ,Karel Vejmelka,Jet Greaves,projected,,,,,,,,-1.5,,,0.5204,2.97,3.1
2026-10-02T13:31:49+00:00,2026-10-03,2026020028,2026-10-03T23:00:00Z,SEA,EDM,Joey Daccord,Tristan Jarry,projected,,,,,,,,-1.5,,,0.6216,2.95,3.73
2026-10-02T13:31:49+00:00,2026-10-03,2026020029,2026-10-03T23:30:00Z,NJD,NYI,Jake Allen,Ilya Sorokin,projected,-118.0,-102.0,-115.0,-105.0,5.5,-130.0,110.0,-1.5,210.0,-258.0,0.4886,3.01,2.96
2026-10-02T13:31:49+00:00,2026-10-03,2026020030,2026-10-04T00:00:00Z,DAL,NSH,Casey DeSmith,Juuse Saros,projected,,,,,,,,1.5,,,0.4742,3.08,2.95
2026-10-02T13:31:49+00:00,2026-10-03,2026020031,2026-10-04T00:00:00Z,BOS,MIN,Michael DiPietro,Jesper Wallstedt,projected,-180.0,150.0,-180.0,150.0,5.5,-130.0,110.0,-1.5,136.0,-162.0,0.6332,2.66,3.47
2026-10-02T13:31:49+00:00,2026-10-03,2026020032,2026-10-04T01:00:00Z,STL,COL,Jordan Binnington,Scott Wedgewood,projected,,,,,,,,-1.5,,,0.7138,2.43,3.76
2026-10-02T13:31:49+00:00,2026-10-03,2026020033,2026-10-04T02:00:00Z,CGY,VAN,Dustin Wolf,Kevin Lankinen,projected,,,,,,,,1.5,,,0.451,3.41,3.12
2026-10-02T13:31:49+00:00,2026-10-03,2026020034,2026-10-04T02:00:00Z,LAK,SJS,Darcy Kuemper,Alex Nedeljkovic,projected,,,,,,,,1.5,,,0.4919,3.09,3.06
2026-10-02T13:31:49+00:00,2026-10-04,2026020035,2026-10-04T17:00:00Z,WPG,DET,Connor Hellebuyck,John Gibson,projected,,,,,,,,-1.5,,,0.5369,2.91,3.14
2026-10-02T13:31:49+00:00,2026-10-04,2026020036,2026-10-04T22:00:00Z,UTA,NYR,Sebastian Cossa,Igor Shesterkin,projected,,,,,,,,-1.5,,,0.5544,2.84,3.17
2026-10-02T13:31:49+00:00,2026-10-04,2026020037,2026-10-05T00:00:00Z,FLA,ANA,Jacob Markstrom,Lukas Dostal,projected,105.0,-125.0,110.0,-130.0,6.5,-130.0,110.0,1.5,-238.0,195.0,0.5383,3.06,3.31
2026-10-02T13:31:49+00:00,2026-10-04,2026020038,2026-10-05T00:00:00Z,CGY,SEA,Devin Cooley,Philipp Grubauer,projected,-135.0,114.0,-135.0,114.0,5.5,-110.0,-110.0,-1.5,180.0,-218.0,0.5419,2.85,3.11
2026-10-02T13:31:49+00:00,2026-10-04,2026020039,2026-10-05T01:00:00Z,VGK,VAN,Carter Hart,Leevi Meriläinen,projected,,,,,,,,1.5,,,0.2364,4.19,2.47
2026-10-02T14:00:09+00:00,2026-10-02,2026020017,2026-10-02T22:30:00Z,NYR,DET,Joonas Korpisalo,John Gibson,projected,-130.0,110.0,-142.0,120.0,5.5,-135.0,114.0,-1.5,190.0,-230.0,0.5818,2.82,3.32
2026-10-02T14:00:09+00:00,2026-10-02,2026020018,2026-10-02T23:00:00Z,WSH,CAR,Logan Thompson,Brandon Bussi,projected,-142.0,120.0,-142.0,120.0,6.5,110.0,-130.0,-1.5,180.0,-218.0,0.6083,2.64,3.29
2026-10-02T14:00:09+00:00,2026-10-02,2026020019,2026-10-03T00:00:00Z,BOS,WPG,Jeremy Swayman,Connor Hellebuyck,projected,-122.0,102.0,-120.0,100.0,5.5,-130.0,110.0,-1.5,205.0,-250.0,0.478,3.02,2.9
2026-10-02T14:00:09+00:00,2026-10-02,2026020020,2026-10-03T01:00:00Z,STL,DAL,Joel Hofer,Jake Oettinger,projected,-185.0,154.0,-205.0,170.0,5.5,-135.0,114.0,-1.5,136.0,-162.0,0.5496,2.77,3.07
2026-10-02T14:00:09+00:00,2026-10-02,2026020021,2026-10-03T02:00:00Z,ANA,VGK,Lukas Dostal,Carter Hart,projected,-192.0,160.0,-155.0,130.0,6.5,-122.0,102.0,-1.5,124.0,-148.0,0.6074,2.84,3.5
2026-10-02T14:00:09+00:00,2026-10-03,2026020022,2026-10-03T23:00:00Z,CHI,BUF,Spencer Knight,Ukko-Pekka Luukkonen,projected,-218.0,180.0,-218.0,180.0,6.5,105.0,-125.0,-1.5,114.0,-135.0,0.7226,2.53,3.95
2026-10-02T14:00:09+00:00,2026-10-03,2026020023,2026-10-03T23:00:00Z,OTT,TOR,Linus Ullmark,Anthony Stolarz,projected,,,,,,,,1.5,,,0.3962,3.35,2.75
2026-10-02T14:00:09+00:00,2026-10-03,2026020024,2026-10-03T23:00:00Z,WSH,TBL,Logan Thompson,Andrei Vasilevskiy,projected,-148.0,124.0,-142.0,120.0,6.5,114.0,-135.0,-1.5,170.0,-205.0,0.6084,2.61,3.25
2026-10-02T14:00:09+00:00,2026-10-03,2026020025,2026-10-03T23:00:00Z,CAR,PHI,Pyotr Kochetkov,Dan Vladar,projected,,,,,,,,1.5,,,0.456,2.92,2.69
2026-10-02T14:00:09+00:00,2026-10-03,2026020026,2026-10-03T23:00:00Z,MTL,PIT,Jakub Dobes,Arturs Silovs,projected,-110.0,-110.0,-110.0,-110.0,6.5,114.0,-135.0,-1.5,-270.0,220.0,0.5962,2.86,3.46
2026-10-02T14:00:09+00:00,2026-10-03,2026020027,2026-10-03T23:00:00Z,UTA,CBJ,Karel Vejmelka,Jet Greaves,projected,,,,,,,,-1.5,,,0.5204,2.97,3.1
2026-10-02T14:00:09+00:00,2026-10-03,2026020028,2026-10-03T23:00:00Z,SEA,EDM,Joey Daccord,Tristan Jarry,projected,,,,,,,,-1.5,,,0.6216,2.95,3.73
2026-10-02T14:00:09+00:00,2026-10-03,2026020029,2026-10-03T23:30:00Z,NJD,NYI,Jake Allen,Ilya Sorokin,projected,-118.0,-102.0,-115.0,-105.0,5.5,-130.0,110.0,-1.5,210.0,-258.0,0.4886,3.01,2.96
2026-10-02T14:00:09+00:00,2026-10-03,2026020030,2026-10-04T00:00:00Z,DAL,NSH,Casey DeSmith,Juuse Saros,projected,,,,,,,,1.5,,,0.4742,3.08,2.95
2026-10-02T14:00:09+00:00,2026-10-03,2026020031,2026-10-04T00:00:00Z,BOS,MIN,Michael DiPietro,Jesper Wallstedt,projected,-180.0,150.0,-180.0,150.0,5.5,-130.0,110.0,-1.5,136.0,-162.0,0.6332,2.66,3.47
2026-10-02T14:00:09+00:00,2026-10-03,2026020032,2026-10-04T01:00:00Z,STL,COL,Jordan Binnington,Scott Wedgewood,projected,,,,,,,,-1.5,,,0.7138,2.43,3.76
2026-10-02T14:00:09+00:00,2026-10-03,2026020033,2026-10-04T02:00:00Z,CGY,VAN,Dustin Wolf,Kevin Lankinen,projected,,,,,,,,1.5,,,0.451,3.41,3.12
2026-10-02T14:00:09+00:00,2026-10-03,2026020034,2026-10-04T02:00:00Z,LAK,SJS,Darcy Kuemper,Alex Nedeljkovic,projected,,,,,,,,1.5,,,0.4919,3.09,3.06
2026-10-02T14:00:09+00:00,2026-10-04,2026020035,2026-10-04T17:00:00Z,WPG,DET,Connor Hellebuyck,John Gibson,projected,,,,,,,,-1.5,,,0.5369,2.91,3.14
2026-10-02T14:00:09+00:00,2026-10-04,2026020036,2026-10-04T22:00:00Z,UTA,NYR,Sebastian Cossa,Igor Shesterkin,projected,,,,,,,,-1.5,,,0.5544,2.84,3.17
2026-10-02T14:00:09+00:00,2026-10-04,2026020037,2026-10-05T00:00:00Z,FLA,ANA,Jacob Markstrom,Lukas Dostal,projected,105.0,-125.0,110.0,-130.0,6.5,-130.0,110.0,1.5,-238.0,195.0,0.5383,3.06,3.31
2026-10-02T14:00:09+00:00,2026-10-04,2026020038,2026-10-05T00:00:00Z,CGY,SEA,Devin Cooley,Philipp Grubauer,projected,-135.0,114.0,-135.0,114.0,5.5,-110.0,-110.0,-1.5,180.0,-218.0,0.5419,2.85,3.11
2026-10-02T14:00:09+00:00,2026-10-04,2026020039,2026-10-05T01:00:00Z,VGK,VAN,Carter Hart,Leevi Meriläinen,projected,,,,,,,,1.5,,,0.2364,4.19,2.47
